Workbook

Sheet HunterDPS
A1: Clip Size | B1: Attack Interval | C1: Reload Time | D1: Damage per Round | E1: Mechanical DPS | G1: Kaiju Health | H1: Seed | K1: =$F$5 -> 86.504691
A2: 2 | B2: 0.8 | C2: 1.8 | D2: 100 | E2: =(C2*D2)/(A2-1)*B2+C2 -> 145.8 | G2: 40000 | H2: =ROW()-1 -> 1 | J2: =1 -> 1 | K2: 96.241044 | M2: Average | N2: Fastet | O2: Slowest
H3: =ROW()-1 -> 2 | J3: =J2+1 -> 2 | K3: 98.512976 | M3: =AVERAGE(K2:K201) -> 98.501215 | N3: =MIN(K2:K201) -> 75.44493 | O3: =MAX(K2:K201) -> 132.20383
A4: Hunter # | B4: Skill Factor | C4: Effective DPS | D4: Time to Kill | E4: Team Effective DPS | F4: Team Time To Kill | G4: Run # | H4: =ROW()-1 -> 3 | J4: =J3+1 -> 3 | K4: 95.921241
A5: 1 | B5: =0.7 + ((RAND() + $H$2/10000) - 0.5) * 2 * 0.3 -> 0.51884748 | C5: =$E$2 * B5 -> 75.647963 | D5: =$G$2 /B5 -> 77093.946 | E5: =SUM(C5:C8) -> 462.40267 | F5: =$G$2/E5 -> 86.504691 | H5: =ROW()-1 -> 4 | J5: =J4+1 -> 4 | K5: 88.589509
A6: 2 | B6: =0.7 + ((RAND() + $H$2/10000) - 0.5) * 2 * 0.3 -> 0.72316081 | C6: =$E$2 * B6 -> 105.43685 | D6: =$G$2 /B6 -> 55312.732 | H6: =ROW()-1 -> 5 | J6: =J5+1 -> 5 | K6: 130.35163
A7: 3 | B7: =0.7 + ((RAND() + $H$2/10000) - 0.5) * 2 * 0.3 -> 0.93087644 | C7: =$E$2 * B7 -> 135.72178 | D7: =$G$2 /B7 -> 42970.257 | H7: =ROW()-1 -> 6 | J7: =J6+1 -> 6 | K7: 92.389892
A8: 4 | B8: =0.7 + ((RAND() + $H$2/10000) - 0.5) * 2 * 0.3 -> 0.99860135 | C8: =$E$2 * B8 -> 145.59608 | D8: =$G$2 /B8 -> 40056.024 | H8: =ROW()-1 -> 7 | J8: =J7+1 -> 7 | K8: 105.04045
H9: =ROW()-1 -> 8 | J9: =J8+1 -> 8 | K9: 132.20383
H10: =ROW()-1 -> 9 | J10: =J9+1 -> 9 | K10: 97.061016
H11: =ROW()-1 -> 10 | J11: =J10+1 -> 10 | K11: 92.530871
H12: =ROW()-1 -> 11 | J12: =J11+1 -> 11 | K12: 102.98717
H13: =ROW()-1 -> 12 | J13: =J12+1 -> 12 | K13: 121.32273
H14: =ROW()-1 -> 13 | J14: =J13+1 -> 13 | K14: 122.33836
H15: =ROW()-1 -> 14 | J15: =J14+1 -> 14 | K15: 77.426169
H16: =ROW()-1 -> 15 | J16: =J15+1 -> 15 | K16: 94.783651
H17: =ROW()-1 -> 16 | J17: =J16+1 -> 16 | K17: 97.124452
H18: =ROW()-1 -> 17 | J18: =J17+1 -> 17 | K18: 103.35622
H19: =ROW()-1 -> 18 | J19: =J18+1 -> 18 | K19: 107.53973
H20: =ROW()-1 -> 19 | J20: =J19+1 -> 19 | K20: 108.94397
... H66: =ROW()-1 -> 65 | J66: =J65+1 -> 65 | K66: 108.18903
J67: =J66+1 -> 66 | K67: 103.75393
J68: =J67+1 -> 67 | K68: 110.51457
J69: =J68+1 -> 68 | K69: 96.415608
J70: =J69+1 -> 69 | K70: 87.155519
J71: =J70+1 -> 70 | K71: 106.90323
J72: =J71+1 -> 71 | K72: 100.73527
J73: =J72+1 -> 72 | K73: 95.858366
J74: =J73+1 -> 73 | K74: 94.059938
J75: =J74+1 -> 74 | K75: 106.99265
J76: =J75+1 -> 75 | K76: 98.044539
J77: =J76+1 -> 76 | K77: 93.93923
J78: =J77+1 -> 77 | K78: 112.69847
... J201: =J200+1 -> 200 | K201: 97.063206

Sheet KaijuSim
A1: Kaiju DPS | B1: Base Efficiency | C1: Doom Target | D1: Efficiency Variance | F1: Kaiju Win Time | G1: Time To Win | H1: Seed | K1: =$G$2 -> 109.47551
A2: 300 | B2: 0.7 | C2: 10000 | D2: 0.3 | G2: {=INDEX(G10:G300, MATCH(TRUE, F10:F300 >= $C$2, 0))} -> 109.47551 | H2: =ROW()-1 -> 1 | J2: =1 -> 1 | K2: 104.38444 | M2: Average | N2: Fastest | O2: Slowest | P2: Constistency
A3: Building Stuff | J3: =J2+1 -> 2 | K3: 107.5252 | M3: =AVERAGE(K2:K201) -> 98.265609 | N3: =MIN(K2:K201) -> 88.134988 | O3: =MAX(K2:K201) -> 110.72772 | P3: =_xlfn.STDEV.P(K2:K201) -> 5.0784604
A4: Type | B4: Spawn % | C4: Health | D4: Doom | J4: =J3+1 -> 3 | K4: 107.40064
A5: Small | B5: 0.6 | C5: 150 | D5: 75 | J5: =J4+1 -> 4 | K5: 107.47145
A6: Medium | B6: 0.3 | C6: 500 | D6: 200 | J6: =J5+1 -> 5 | K6: 107.1544
A7: Large | B7: 0.1 | C7: 1000 | D7: 500 | J7: =J6+1 -> 6 | K7: 107.41116
J8: =J7+1 -> 7 | K8: 110.72772
A9: Building Type | B9: Health | C9: Doom Gain | D9: Efficiency | E9: Time to Destroy | F9: Total Doom | G9: Total Time | J9: =J8+1 -> 8 | K9: 105.16283
A10: =_xlfn.LET(_xlpm.r, RAND()+ROW()/100000 + $H$2/1000 + $H$2/1000, IF(_xlpm.r<$B$5,"Small", IF(_xlpm.r<$B$5+$B$6,"Medium","Large"))) -> Small | B10: =IF(A10="Small",$C$5,IF(A10="Medium",$C$6,$C$7)) -> 150 | C10: =IF(A10="Small",$D$5,IF(A10="Medium",$D$6,$D$7)) -> 75 | D10: =$B$2 * (1 - $D$2/2 + (RAND()+ROW()/100000 + $H$2/1000 + $H$2/1000) * $D$2) -> 0.77928284 | E10: =B10 / ($A$2 * D10) -> 0.64161556 | F10: =C10 -> 75 | G10: =E10 -> 0.64161556 | J10: =J9+1 -> 9 | K10: 106.35806
A11: =_xlfn.LET(_xlpm.r, RAND()+ROW()/100000 + $H$2/1000 + $H$2/1000, IF(_xlpm.r<$B$5,"Small", IF(_xlpm.r<$B$5+$B$6,"Medium","Large"))) -> Small | B11: =IF(A11="Small",$C$5,IF(A11="Medium",$C$6,$C$7)) -> 150 | C11: =IF(A11="Small",$D$5,IF(A11="Medium",$D$6,$D$7)) -> 75 | D11: =$B$2 * (1 - $D$2/2 + (RAND()+ROW()/100000 + $H$2/1000 + $H$2/1000) * $D$2) -> 0.69344739 | E11: =B11 / ($A$2 * D11) -> 0.72103524 | F11: =F10 + C11 -> 150 | G11: =G10 + E11 -> 1.3626508 | J11: =J10+1 -> 10 | K11: 106.58568
A12: =_xlfn.LET(_xlpm.r, RAND()+ROW()/100000 + $H$2/1000 + $H$2/1000, IF(_xlpm.r<$B$5,"Small", IF(_xlpm.r<$B$5+$B$6,"Medium","Large"))) -> Small | B12: =IF(A12="Small",$C$5,IF(A12="Medium",$C$6,$C$7)) -> 150 | C12: =IF(A12="Small",$D$5,IF(A12="Medium",$D$6,$D$7)) -> 75 | D12: =$B$2 * (1 - $D$2/2 + (RAND()+ROW()/100000 + $H$2/1000 + $H$2/1000) * $D$2) -> 0.73418968 | E12: =B12 / ($A$2 * D12) -> 0.68102292 | F12: =F11 + C12 -> 225 | G12: =G11 + E12 -> 2.0436737 | J12: =J11+1 -> 11 | K12: 102.85691
A13: =_xlfn.LET(_xlpm.r, RAND()+ROW()/100000 + $H$2/1000 + $H$2/1000, IF(_xlpm.r<$B$5,"Small", IF(_xlpm.r<$B$5+$B$6,"Medium","Large"))) -> Small | B13: =IF(A13="Small",$C$5,IF(A13="Medium",$C$6,$C$7)) -> 150 | C13: =IF(A13="Small",$D$5,IF(A13="Medium",$D$6,$D$7)) -> 75 | D13: =$B$2 * (1 - $D$2/2 + (RAND()+ROW()/100000 + $H$2/1000 + $H$2/1000) * $D$2) -> 0.69278551 | E13: =B13 / ($A$2 * D13) -> 0.72172411 | F13: =F12 + C13 -> 300 | G13: =G12 + E13 -> 2.7653978 | J13: =J12+1 -> 12 | K13: 105.07339
A14: =_xlfn.LET(_xlpm.r, RAND()+ROW()/100000 + $H$2/1000 + $H$2/1000, IF(_xlpm.r<$B$5,"Small", IF(_xlpm.r<$B$5+$B$6,"Medium","Large"))) -> Large | B14: =IF(A14="Small",$C$5,IF(A14="Medium",$C$6,$C$7)) -> 1000 | C14: =IF(A14="Small",$D$5,IF(A14="Medium",$D$6,$D$7)) -> 500 | D14: =$B$2 * (1 - $D$2/2 + (RAND()+ROW()/100000 + $H$2/1000 + $H$2/1000) * $D$2) -> 0.80405667 | E14: =B14 / ($A$2 * D14) -> 4.1456448 | F14: =F13 + C14 -> 800 | G14: =G13 + E14 -> 6.9110426 | J14: =J13+1 -> 13 | K14: 102.37602
A15: =_xlfn.LET(_xlpm.r, RAND()+ROW()/100000 + $H$2/1000 + $H$2/1000, IF(_xlpm.r<$B$5,"Small", IF(_xlpm.r<$B$5+$B$6,"Medium","Large"))) -> Small | B15: =IF(A15="Small",$C$5,IF(A15="Medium",$C$6,$C$7)) -> 150 | C15: =IF(A15="Small",$D$5,IF(A15="Medium",$D$6,$D$7)) -> 75 | D15: =$B$2 * (1 - $D$2/2 + (RAND()+ROW()/100000 + $H$2/1000 + $H$2/1000) * $D$2) -> 0.63319026 | E15: =B15 / ($A$2 * D15) -> 0.78965206 | F15: =F14 + C15 -> 875 | G15: =G14 + E15 -> 7.7006947 | J15: =J14+1 -> 14 | K15: 107.64741
A16: =_xlfn.LET(_xlpm.r, RAND()+ROW()/100000 + $H$2/1000 + $H$2/1000, IF(_xlpm.r<$B$5,"Small", IF(_xlpm.r<$B$5+$B$6,"Medium","Large"))) -> Small | B16: =IF(A16="Small",$C$5,IF(A16="Medium",$C$6,$C$7)) -> 150 | C16: =IF(A16="Small",$D$5,IF(A16="Medium",$D$6,$D$7)) -> 75 | D16: =$B$2 * (1 - $D$2/2 + (RAND()+ROW()/100000 + $H$2/1000 + $H$2/1000) * $D$2) -> 0.70943018 | E16: =B16 / ($A$2 * D16) -> 0.704791 | F16: =F15 + C16 -> 950 | G16: =G15 + E16 -> 8.4054857 | J16: =J15+1 -> 15 | K16: 105.28277
A17: =_xlfn.LET(_xlpm.r, RAND()+ROW()/100000 + $H$2/1000 + $H$2/1000, IF(_xlpm.r<$B$5,"Small", IF(_xlpm.r<$B$5+$B$6,"Medium","Large"))) -> Small | B17: =IF(A17="Small",$C$5,IF(A17="Medium",$C$6,$C$7)) -> 150 | C17: =IF(A17="Small",$D$5,IF(A17="Medium",$D$6,$D$7)) -> 75 | D17: =$B$2 * (1 - $D$2/2 + (RAND()+ROW()/100000 + $H$2/1000 + $H$2/1000) * $D$2) -> 0.72215774 | E17: =B17 / ($A$2 * D17) -> 0.69236951 | F17: =F16 + C17 -> 1025 | G17: =G16 + E17 -> 9.0978552 | J17: =J16+1 -> 16 | K17: 104.0836
A18: =_xlfn.LET(_xlpm.r, RAND()+ROW()/100000 + $H$2/1000 + $H$2/1000, IF(_xlpm.r<$B$5,"Small", IF(_xlpm.r<$B$5+$B$6,"Medium","Large"))) -> Small | B18: =IF(A18="Small",$C$5,IF(A18="Medium",$C$6,$C$7)) -> 150 | C18: =IF(A18="Small",$D$5,IF(A18="Medium",$D$6,$D$7)) -> 75 | D18: =$B$2 * (1 - $D$2/2 + (RAND()+ROW()/100000 + $H$2/1000 + $H$2/1000) * $D$2) -> 0.78044183 | E18: =B18 / ($A$2 * D18) -> 0.64066273 | F18: =F17 + C18 -> 1100 | G18: =G17 + E18 -> 9.7385179 | J18: =J17+1 -> 17 | K18: 106.12007
A19: =_xlfn.LET(_xlpm.r, RAND()+ROW()/100000 + $H$2/1000 + $H$2/1000, IF(_xlpm.r<$B$5,"Small", IF(_xlpm.r<$B$5+$B$6,"Medium","Large"))) -> Large | B19: =IF(A19="Small",$C$5,IF(A19="Medium",$C$6,$C$7)) -> 1000 | C19: =IF(A19="Small",$D$5,IF(A19="Medium",$D$6,$D$7)) -> 500 | D19: =$B$2 * (1 - $D$2/2 + (RAND()+ROW()/100000 + $H$2/1000 + $H$2/1000) * $D$2) -> 0.66406776 | E19: =B19 / ($A$2 * D19) -> 5.0195681 | F19: =F18 + C19 -> 1600 | G19: =G18 + E19 -> 14.758086 | J19: =J18+1 -> 18 | K19: 108.00754
A20: =_xlfn.LET(_xlpm.r, RAND()+ROW()/100000 + $H$2/1000 + $H$2/1000, IF(_xlpm.r<$B$5,"Small", IF(_xlpm.r<$B$5+$B$6,"Medium","Large"))) -> Medium | B20: =IF(A20="Small",$C$5,IF(A20="Medium",$C$6,$C$7)) -> 500 | C20: =IF(A20="Small",$D$5,IF(A20="Medium",$D$6,$D$7)) -> 200 | D20: =$B$2 * (1 - $D$2/2 + (RAND()+ROW()/100000 + $H$2/1000 + $H$2/1000) * $D$2) -> 0.71157553 | E20: =B20 / ($A$2 * D20) -> 2.3422203 | F20: =F19 + C20 -> 1800 | G20: =G19 + E20 -> 17.100306 | J20: =J19+1 -> 19 | K20: 107.43997
A21: =_xlfn.LET(_xlpm.r, RAND()+ROW()/100000 + $H$2/1000 + $H$2/1000, IF(_xlpm.r<$B$5,"Small", IF(_xlpm.r<$B$5+$B$6,"Medium","Large"))) -> Small | B21: =IF(A21="Small",$C$5,IF(A21="Medium",$C$6,$C$7)) -> 150 | C21: =IF(A21="Small",$D$5,IF(A21="Medium",$D$6,$D$7)) -> 75 | D21: =$B$2 * (1 - $D$2/2 + (RAND()+ROW()/100000 + $H$2/1000 + $H$2/1000) * $D$2) -> 0.61573799 | E21: =B21 / ($A$2 * D21) -> 0.8120337 | F21: =F20 + C21 -> 1875 | G21: =G20 + E21 -> 17.91234 | J21: =J20+1 -> 20 | K21: 102.94998
A22: =_xlfn.LET(_xlpm.r, RAND()+ROW()/100000 + $H$2/1000 + $H$2/1000, IF(_xlpm.r<$B$5,"Small", IF(_xlpm.r<$B$5+$B$6,"Medium","Large"))) -> Medium | B22: =IF(A22="Small",$C$5,IF(A22="Medium",$C$6,$C$7)) -> 500 | C22: =IF(A22="Small",$D$5,IF(A22="Medium",$D$6,$D$7)) -> 200 | D22: =$B$2 * (1 - $D$2/2 + (RAND()+ROW()/100000 + $H$2/1000 + $H$2/1000) * $D$2) -> 0.66837072 | E22: =B22 / ($A$2 * D22) -> 2.4936261 | F22: =F21 + C22 -> 2075 | G22: =G21 + E22 -> 20.405966 | J22: =J21+1 -> 21 | K22: 106.02035
... A100: =_xlfn.LET(_xlpm.r, RAND()+ROW()/100000 + $H$2/1000 + $H$2/1000, IF(_xlpm.r<$B$5,"Small", IF(_xlpm.r<$B$5+$B$6,"Medium","Large"))) -> Small | B100: =IF(A100="Small",$C$5,IF(A100="Medium",$C$6,$C$7)) -> 150 | C100: =IF(A100="Small",$D$5,IF(A100="Medium",$D$6,$D$7)) -> 75 | D100: =$B$2 * (1 - $D$2/2 + (RAND()+ROW()/100000 + $H$2/1000 + $H$2/1000) * $D$2) -> 0.74428146 | E100: =B100 / ($A$2 * D100) -> 0.67178887 | F100: =F99 + C100 -> 14425 | G100: =G99 + E100 -> 151.18829 | J100: =J99+1 -> 99 | K100: 98.28041
J101: =J100+1 -> 100 | K101: 98.077815
J102: =J101+1 -> 101 | K102: 93.518623
J103: =J102+1 -> 102 | K103: 97.776795
J104: =J103+1 -> 103 | K104: 95.445643
J105: =J104+1 -> 104 | K105: 97.503622
J106: =J105+1 -> 105 | K106: 95.885962
J107: =J106+1 -> 106 | K107: 96.804582
J108: =J107+1 -> 107 | K108: 97.337527
J109: =J108+1 -> 108 | K109: 98.023282
J110: =J109+1 -> 109 | K110: 95.405757
J111: =J110+1 -> 110 | K111: 96.894904
J112: =J111+1 -> 111 | K112: 96.12058
... J201: =J200+1 -> 200 | K201: 90.933462

Sheet MatchResults
A1: Run # | B1: Hunter TTK | C1: Kaiju Win Time | D1: Result | E1: Match Time | G1: Hunter Win% | H1: Kaiju Win% | I1: Average Match Time | J1: Average Hunter TTK | K1: Average Kaiju Time
A2: =1 -> 1 | B2: =HunterDPS!K2 -> 96.241044 | C2: =KaijuSim!K2 -> 104.38444 | D2: =IF(B2 < C2, "Hunters", "Kaiju") -> Hunters | E2: =MIN(B2, C2) -> 96.241044 | G2: =COUNTIF(D2:D201,"Hunters") / COUNTA(D2:D201) -> 0.52 | H2: =COUNTIF(D2:D201,"Kaiju") / COUNTA(D2:D201) -> 0.48 | I2: =AVERAGE(E2:E201) -> 93.469655 | J2: =AVERAGE(B2:B201) -> 98.501215 | K2: =AVERAGE(C2:C201) -> 98.265609
A3: =A2+1 -> 2 | B3: =HunterDPS!K3 -> 98.512976 | C3: =KaijuSim!K3 -> 107.5252 | D3: =IF(B3 < C3, "Hunters", "Kaiju") -> Hunters | E3: =MIN(B3, C3) -> 98.512976
A4: =A3+1 -> 3 | B4: =HunterDPS!K4 -> 95.921241 | C4: =KaijuSim!K4 -> 107.40064 | D4: =IF(B4 < C4, "Hunters", "Kaiju") -> Hunters | E4: =MIN(B4, C4) -> 95.921241
A5: =A4+1 -> 4 | B5: =HunterDPS!K5 -> 88.589509 | C5: =KaijuSim!K5 -> 107.47145 | D5: =IF(B5 < C5, "Hunters", "Kaiju") -> Hunters | E5: =MIN(B5, C5) -> 88.589509
A6: =A5+1 -> 5 | B6: =HunterDPS!K6 -> 130.35163 | C6: =KaijuSim!K6 -> 107.1544 | D6: =IF(B6 < C6, "Hunters", "Kaiju") -> Kaiju | E6: =MIN(B6, C6) -> 107.1544
A7: =A6+1 -> 6 | B7: =HunterDPS!K7 -> 92.389892 | C7: =KaijuSim!K7 -> 107.41116 | D7: =IF(B7 < C7, "Hunters", "Kaiju") -> Hunters | E7: =MIN(B7, C7) -> 92.389892
A8: =A7+1 -> 7 | B8: =HunterDPS!K8 -> 105.04045 | C8: =KaijuSim!K8 -> 110.72772 | D8: =IF(B8 < C8, "Hunters", "Kaiju") -> Hunters | E8: =MIN(B8, C8) -> 105.04045
A9: =A8+1 -> 8 | B9: =HunterDPS!K9 -> 132.20383 | C9: =KaijuSim!K9 -> 105.16283 | D9: =IF(B9 < C9, "Hunters", "Kaiju") -> Kaiju | E9: =MIN(B9, C9) -> 105.16283
A10: =A9+1 -> 9 | B10: =HunterDPS!K10 -> 97.061016 | C10: =KaijuSim!K10 -> 106.35806 | D10: =IF(B10 < C10, "Hunters", "Kaiju") -> Hunters | E10: =MIN(B10, C10) -> 97.061016
A11: =A10+1 -> 10 | B11: =HunterDPS!K11 -> 92.530871 | C11: =KaijuSim!K11 -> 106.58568 | D11: =IF(B11 < C11, "Hunters", "Kaiju") -> Hunters | E11: =MIN(B11, C11) -> 92.530871
A12: =A11+1 -> 11 | B12: =HunterDPS!K12 -> 102.98717 | C12: =KaijuSim!K12 -> 102.85691 | D12: =IF(B12 < C12, "Hunters", "Kaiju") -> Kaiju | E12: =MIN(B12, C12) -> 102.85691
A13: =A12+1 -> 12 | B13: =HunterDPS!K13 -> 121.32273 | C13: =KaijuSim!K13 -> 105.07339 | D13: =IF(B13 < C13, "Hunters", "Kaiju") -> Kaiju | E13: =MIN(B13, C13) -> 105.07339
A14: =A13+1 -> 13 | B14: =HunterDPS!K14 -> 122.33836 | C14: =KaijuSim!K14 -> 102.37602 | D14: =IF(B14 < C14, "Hunters", "Kaiju") -> Kaiju | E14: =MIN(B14, C14) -> 102.37602
... A201: =A200+1 -> 200 | B201: =HunterDPS!K201 -> 97.063206 | C201: =KaijuSim!K201 -> 90.933462 | D201: =IF(B201 < C201, "Hunters", "Kaiju") -> Kaiju | E201: =MIN(B201, C201) -> 90.933462
